latitude,longitude,price,car_year,model,manufacturer,paint_color,state_region
42.806836,-106.189091,44500,2020,f-150,ford,black,"WY - WYOMING"
33.779214,-84.411811,14990,2020,"versa sv sedan 4d",nissan,purple,"WY - WYOMING"
33.779214,-84.411811,16990,2020,"forte lxs sedan 4d",kia,silver,"WY - WYOMING"
40.374375,-104.694103,52500,2020,f-250,ford,white,"WY - WYOMING"
44.29231,-105.49809,3995,2020,1210,ford,blue,"WY - WYOMING"
33.779214,-84.411811,15990,2020,"forte lxs sedan 4d",kia,silver,"WY - WYOMING"
33.779214,-84.411811,17590,2020,"forte lxs sedan 4d",kia,blue,"WY - WYOMING"
33.7865,-84.4454,20990,2020,"corolla hybrid le sedan",toyota,black,"WY - WYOMING"
33.7865,-84.4454,50990,2020,"tahoe lt sport utility",chevrolet,silver,"WY - WYOMING"
33.779214,-84.411811,17990,2020,"impreza sedan 4d",subaru,white,"WY - WYOMING"
44.354923,-106.680384,69995,2020,"silverado 2500hd",chevrolet,black,"WY - WYOMING"
44.354923,-106.680384,59995,2020,2500,ram,white,"WY - WYOMING"
33.779214,-84.411811,23990,2019,"murano s sport utility 4d",nissan,silver,"WY - WYOMING"
44.097137,-103.163209,67671,2019,"sierra 3500hd denali crew",gmc,white,"WY - WYOMING"
44.415611,-103.522196,43440,2019,1500,ram,red,"WY - WYOMING"
39.7436,-105.0643,39999,2019,"f150 supercrew cab",ford,silver,"WY - WYOMING"
40.74582,-111.939654,25950,2019,"frontier 4x4",nissan,white,"WY - WYOMING"
44.29231,-105.49809,45932,2019,1500,ram,white,"WY - WYOMING"
44.29231,-105.49809,45910,2019,f-150,ford,blue,"WY - WYOMING"
33.779214,-84.411811,35990,2019,"wrangler unlimited sport s",jeep,silver,"WY - WYOMING"
40.374375,-104.694103,35500,2019,f-150,ford,white,"WY - WYOMING"
44.412643,-103.516788,44840,2019,"silverado 2500hd",chevrolet,white,"WY - WYOMING"
39.73995,-105.088307,48400,2019,1500,ram,red,"WY - WYOMING"
39.73995,-105.088307,75000,2019,f-350,ford,white,"WY - WYOMING"
39.73995,-105.088307,49999,2019,silverado,chevrolet,white,"WY - WYOMING"
44.412643,-103.520393,28810,2019,mustang,ford,blue,"WY - WYOMING"
45.7813,-108.5727,27995,2019,"crv ex-l awd",honda,blue,"WY - WYOMING"
44.29231,-105.49809,67931,2019,f-350,ford,white,"WY - WYOMING"
44.29231,-105.49809,43939,2019,suburban,chevrolet,black,"WY - WYOMING"
33.779214,-84.411811,19990,2019,"taurus limited sedan 4d",ford,black,"WY - WYOMING"
33.779214,-84.411811,17990,2019,"ecosport titanium sport",ford,black,"WY - WYOMING"
44.1202,-94.2184,39900,2019,"t campervan",mini,red,"WY - WYOMING"
33.779214,-84.411811,15990,2019,"sonic lt sedan 4d",chevrolet,black,"WY - WYOMING"
44.7849,-106.9648,23900,2019,"taurus limited awd",ford,red,"WY - WYOMING"
40.374375,-104.694103,44999,2019,f-350,ford,white,"WY - WYOMING"
40.374375,-104.694103,35500,2019,f-150,ford,white,"WY - WYOMING"
45.614034,-108.386684,74990,2019,"f-350 super duty xl wowwww",ford,white,"WY - WYOMING"
44.29231,-105.49809,68914,2019,"sierra 3500hd",gmc,silver,"WY - WYOMING"
42.7178,-114.5012,47987,2019,"f350 flatbed 4x4",ford,white,"WY - WYOMING"
33.779214,-84.411811,24990,2019,"pilot lx sport utility 4d",honda,white,"WY - WYOMING"
33.779214,-84.411811,26990,2019,"murano s sport utility 4d",nissan,black,"WY - WYOMING"
42.7178,-114.5012,45988,2019,"f350 crew cab 4x4 flat bed",ford,white,"WY - WYOMING"
43.7263,-111.1199,24950,2019,"rav4 awd",toyota,grey,"WY - WYOMING"
33.7865,-84.4454,29990,2019,"cr-v touring sport utility",honda,grey,"WY - WYOMING"
44.411172,-103.520565,29970,2019,mustang,ford,blue,"WY - WYOMING"
42.83998,-106.36704,68914,2019,"sierra 3500hd",gmc,silver,"WY - WYOMING"
44.415611,-103.522196,46900,2019,1500,ram,red,"WY - WYOMING"
44.412643,-103.520393,32950,2019,mustang,ford,blue,"WY - WYOMING"
44.412643,-103.516788,46900,2019,"silverado 2500hd",chevrolet,white,"WY - WYOMING"
44.29231,-105.49809,54919,2019,f-350,ford,blue,"WY - WYOMING"
43.097207,-106.38746,26950,2019,"1500 4x4",ram,white,"WY - WYOMING"
44.29231,-105.49809,36937,2019,f-250,ford,white,"WY - WYOMING"
33.779214,-84.411811,37590,2019,"mdx sh-awd w/technology",acura,silver,"WY - WYOMING"
44.29231,-105.49809,31937,2019,"grand cherokee",jeep,black,"WY - WYOMING"
33.7865,-84.4454,25990,2019,"frontier crew cab sv",nissan,grey,"WY - WYOMING"
33.7865,-84.4454,32990,2019,"cts 2.0 luxury sedan 4d",cadillac,white,"WY - WYOMING"
44.29231,-105.49809,21917,2019,"grand caravan",dodge,white,"WY - WYOMING"
42.82398,-106.282253,61900,2019,camaro,chevrolet,silver,"WY - WYOMING"
44.7849,-106.9648,65000,2019,"2500 diesel",ram,purple,"WY - WYOMING"
33.7865,-84.4454,25990,2019,"crosstrek 2.0i limited",subaru,silver,"WY - WYOMING"
44.282,-105.4974,25000,2019,camry,toyota,black,"WY - WYOMING"
44.29231,-105.49809,54907,2019,"sierra 1500",gmc,blue,"WY - WYOMING"
43.850927,-104.227491,49900,2019,"tahoe lt 4x4",chevrolet,red,"WY - WYOMING"
33.779214,-84.411811,32990,2019,"1500 crew cab big horn",ram,red,"WY - WYOMING"
44.354923,-106.680384,75995,2019,f350,ford,blue,"WY - WYOMING"
44.354923,-106.680384,54995,2019,1500,ram,black,"WY - WYOMING"
33.7865,-84.4454,14990,2019,"yaris le sedan 4d",toyota,blue,"WY - WYOMING"
33.779214,-84.411811,36990,2019,"charger scat pack sedan 4d",dodge,red,"WY - WYOMING"
33.7865,-84.4454,27990,2019,"highlander le plus sport",toyota,silver,"WY - WYOMING"
33.779214,-84.411811,25990,2018,"a4 premium plus sedan 4d",audi,silver,"WY - WYOMING"
33.779214,-84.411811,28990,2018,"es 350 sedan 4d",lexus,black,"WY - WYOMING"
33.779214,-84.411811,38590,2018,"tundra crewmax sr5 pickup",toyota,blue,"WY - WYOMING"
33.779214,-84.411811,20990,2018,"mkc premiere sport",lincoln,black,"WY - WYOMING"
33.779214,-84.411811,13590,2018,"focus se hatchback 4d",ford,white,"WY - WYOMING"
40.007891,-104.818353,27995,2018,"pickup 2500",ram,brown,"WY - WYOMING"
40.007891,-104.818353,32900,2018,"pickup 2500",ram,white,"WY - WYOMING"
40.007891,-104.818353,43995,2018,"pickup 2500",ram,white,"WY - WYOMING"
40.007891,-104.818353,14995,2018,altima,nissan,grey,"WY - WYOMING"
33.779214,-84.411811,20990,2018,"i3 base w/range extender",bmw,white,"WY - WYOMING"
43.097207,-106.38746,26000,2018,suburban,chevrolet,purple,"WY - WYOMING"
40.09429,-104.81014,36977,2018,"sierra 2500hd",gmc,silver,"WY - WYOMING"
42.845192,-106.236978,35523,2018,4runner,toyota,white,"WY - WYOMING"
33.779214,-84.411811,13590,2018,"versa note s hatchback 4d",nissan,white,"WY - WYOMING"
40.374375,-104.694103,49999,2018,f-350,ford,white,"WY - WYOMING"
40.374375,-104.694103,54800,2018,3500,ram,white,"WY - WYOMING"
40.374375,-104.694103,52000,2018,2500,ram,black,"WY - WYOMING"
33.779214,-84.411811,24990,2018,"camry xse sedan 4d",toyota,silver,"WY - WYOMING"
39.73995,-105.088307,50000,2018,"sierra 3500hd",gmc,white,"WY - WYOMING"
39.73995,-105.088307,31526,2018,2500,ram,white,"WY - WYOMING"
39.73995,-105.088307,44000,2018,2500,ram,white,"WY - WYOMING"
39.73995,-105.088307,27586,2018,2500,ram,white,"WY - WYOMING"
39.73995,-105.088307,49255,2018,f-150,ford,red,"WY - WYOMING"
39.73995,-105.088307,29556,2018,2500,ram,white,"WY - WYOMING"
39.73995,-105.088307,30999,2018,silverado,chevrolet,white,"WY - WYOMING"
42.83998,-106.36704,44947,2018,"sierra 1500",gmc,silver,"WY - WYOMING"
42.83998,-106.36704,45932,2018,yukon,gmc,white,"WY - WYOMING"
33.779214,-84.411811,33990,2018,"a5 premium plus sedan 4d",audi,silver,"WY - WYOMING"
33.779214,-84.411811,35590,2018,"4 series 440i coupe 2d",bmw,blue,"WY - WYOMING"
33.779214,-84.411811,32990,2018,"wrx sti sedan 4d",subaru,white,"WY - WYOMING"
33.779214,-84.411811,17990,2018,"civic lx coupe 2d",honda,blue,"WY - WYOMING"
33.779214,-84.411811,22990,2018,"outback 2.5i wagon 4d",subaru,red,"WY - WYOMING"
33.779214,-84.411811,17990,2018,"terrain sle sport utility 4d",gmc,white,"WY - WYOMING"
40.74608,-111.939697,14550,2018,"promaster city",ram,grey,"WY - WYOMING"
33.779214,-84.411811,30990,2018,"a6 2.0t premium plus sedan",audi,red,"WY - WYOMING"
42.83998,-106.36704,35970,2018,"sierra 2500hd",gmc,silver,"WY - WYOMING"
45.7813,-108.5727,21295,2018,300,chrysler,grey,"WY - WYOMING"
40.745625,-111.939354,9950,2018,"cruze lt turbo",chevrolet,white,"WY - WYOMING"
40.374375,-104.694103,54800,2018,3500,ram,white,"WY - WYOMING"
40.374375,-104.694103,39999,2018,3500,ram,white,"WY - WYOMING"
40.374375,-104.694103,49999,2018,3500,ram,black,"WY - WYOMING"
40.374375,-104.694103,49999,2018,f-350,ford,white,"WY - WYOMING"
44.097108,-103.163477,32992,2018,"silverado 3500hd work",chevrolet,white,"WY - WYOMING"
44.354923,-106.680384,48995,2018,3500,ram,white,"WY - WYOMING"
44.354923,-106.680384,43995,2018,2500,ram,white,"WY - WYOMING"
44.354923,-106.680384,43995,2018,2500,ram,white,"WY - WYOMING"
43.097207,-106.38746,21950,2018,"wrk - awd turbo",subaru,blue,"WY - WYOMING"
33.779214,-84.411811,22990,2018,"accord ex-l w/navigation",honda,silver,"WY - WYOMING"
33.779214,-84.411811,36990,2018,"sierra 1500 crew cab slt",gmc,white,"WY - WYOMING"
33.7865,-84.4454,24990,2018,"tlx 3.5 sedan 4d",acura,white,"WY - WYOMING"
44.29231,-105.49809,46917,2018,f-150,ford,red,"WY - WYOMING"
42.7178,-114.5012,32988,2018,"silverado double cab 4x4",chevrolet,red,"WY - WYOMING"
33.779214,-84.411811,16990,2018,"civic lx coupe 2d",honda,blue,"WY - WYOMING"
42.83998,-106.36704,52913,2018,"wrangler unlimited",jeep,red,"WY - WYOMING"
33.779214,-84.411811,16990,2018,"ecosport se sport utility",ford,blue,"WY - WYOMING"
40.374375,-104.694103,54800,2018,3500,ram,white,"WY - WYOMING"
33.779214,-84.411811,15590,2018,"sonic lt sedan 4d",chevrolet,red,"WY - WYOMING"
42.83998,-106.36704,59927,2018,"silverado 3500hd",chevrolet,blue,"WY - WYOMING"
40.746275,-111.939697,10550,2018,"cruze lt turbo",chevrolet,white,"WY - WYOMING"
45.7813,-108.5727,21295,2018,300,chrysler,grey,"WY - WYOMING"
44.29231,-105.49809,39932,2018,1500,ram,blue,"WY - WYOMING"
33.779214,-84.411811,27990,2018,"rav4 limited sport",toyota,blue,"WY - WYOMING"
36.837679,-119.809638,69998,2018,f-150,ford,purple,"WY - WYOMING"
44.29231,-105.49809,19538,2018,journey,dodge,blue,"WY - WYOMING"
33.7865,-84.4454,40590,2018,"sierra 1500 crew cab slt",gmc,silver,"WY - WYOMING"
33.779214,-84.411811,29990,2018,"titan crew cab sv pickup",nissan,black,"WY - WYOMING"
45.082504,-94.334546,0,2018,f550,ford,white,"WY - WYOMING"
33.779214,-84.411811,17590,2018,"ecosport se sport utility",ford,orange,"WY - WYOMING"
33.7865,-84.4454,19990,2018,"terrain sle sport utility 4d",gmc,blue,"WY - WYOMING"
33.7865,-84.4454,28990,2018,"outback 2.5i touring",subaru,blue,"WY - WYOMING"
33.779214,-84.411811,15590,2018,"taurus sel sedan 4d",ford,white,"WY - WYOMING"
39.73995,-105.088307,49999,2018,f-150,ford,blue,"WY - WYOMING"
39.73995,-105.088307,45999,2018,2500,ram,black,"WY - WYOMING"
40.374375,-104.694103,49999,2018,3500,ram,white,"WY - WYOMING"
40.374375,-104.694103,48950,2018,"5500 chassis cab",ram,white,"WY - WYOMING"
40.374375,-104.694103,56850,2018,3500,ram,silver,"WY - WYOMING"
43.850927,-104.227491,21900,2018,"equinox lt awd",chevrolet,purple,"WY - WYOMING"
44.354923,-106.680384,42995,2018,tundra,toyota,grey,"WY - WYOMING"
44.354923,-106.680384,26995,2018,frontier,nissan,silver,"WY - WYOMING"
33.7865,-84.4454,26990,2018,"explorer xlt sport utility",ford,silver,"WY - WYOMING"
43.850927,-104.227491,27900,2018,"pilot ex awd",honda,black,"WY - WYOMING"
33.779214,-84.411811,20590,2017,"taurus limited sedan 4d",ford,white,"WY - WYOMING"
40.007891,-104.818353,18995,2017,sonata,hyundai,black,"WY - WYOMING"
40.007891,-104.818353,25995,2017,wrx,subaru,silver,"WY - WYOMING"
40.007891,-104.818353,32688,2017,"wrangler unlimited",jeep,blue,"WY - WYOMING"
40.007891,-104.818353,36995,2017,"wrangler unlimited",jeep,grey,"WY - WYOMING"
48.1783,-111.9397,65999,2017,f350,ford,red,"WY - WYOMING"
48.1783,-111.9397,61999,2017,f350,ford,black,"WY - WYOMING"
42.83998,-106.36704,12904,2017,escape,ford,yellow,"WY - WYOMING"
33.779214,-84.411811,30990,2017,"acadia denali sport utility",gmc,black,"WY - WYOMING"
43.097207,-106.38746,13995,2017,"escape se",ford,purple,"WY - WYOMING"
44.414385,-103.520136,34530,2017,f150,ford,blue,"WY - WYOMING"
44.7534,-106.6949,36000,2017,1500,ram,grey,"WY - WYOMING"
42.8992,-106.1754,16000,2017,"f-150 xl",ford,black,"WY - WYOMING"
42.83998,-106.36704,31959,2017,f-150,ford,white,"WY - WYOMING"
42.83998,-106.36704,35964,2017,"silverado 1500",chevrolet,white,"WY - WYOMING"
33.779214,-84.411811,30590,2017,"silverado 1500 double",chevrolet,silver,"WY - WYOMING"
39.7436,-105.0643,23999,2017,"1500 quad cab",ram,black,"WY - WYOMING"
39.7436,-105.0643,23999,2017,"f150 super cab",ford,white,"WY - WYOMING"
42.83998,-106.36704,33928,2017,wrangler,jeep,blue,"WY - WYOMING"
33.779214,-84.411811,20990,2017,"accord ex-l coupe 2d",honda,blue,"WY - WYOMING"
33.779214,-84.411811,41990,2017,"sierra 1500 crew cab denali",gmc,silver,"WY - WYOMING"
33.779214,-84.411811,30990,2017,"wrangler unlimited sport s",jeep,blue,"WY - WYOMING"
40.374375,-104.694103,34500,2017,3500,ram,white,"WY - WYOMING"
40.374375,-104.694103,28900,2017,2500,ram,black,"WY - WYOMING"
33.779214,-84.411811,27990,2017,"1500 quad cab slt pickup 4d",ram,silver,"WY - WYOMING"
44.29231,-105.49809,58901,2017,"sierra 2500hd",gmc,black,"WY - WYOMING"
44.29231,-105.49809,31932,2017,acadia,gmc,grey,"WY - WYOMING"
44.29231,-105.49809,32944,2017,"silverado 1500",chevrolet,black,"WY - WYOMING"
39.73995,-105.088307,42360,2017,tahoe,chevrolet,white,"WY - WYOMING"
39.73995,-105.088307,35465,2017,tacoma,toyota,silver,"WY - WYOMING"
39.73995,-105.088307,37000,2017,sierra,gmc,black,"WY - WYOMING"
44.29231,-105.49809,42923,2017,"silverado 1500",chevrolet,black,"WY - WYOMING"
44.29231,-105.49809,65948,2017,f-350,ford,white,"WY - WYOMING"
36.837679,-119.809638,42998,2017,"silverado 1500",chevrolet,silver,"WY - WYOMING"
44.29231,-105.49809,0,2017,cruze,chevrolet,black,"WY - WYOMING"
40.745813,-111.939697,10550,2017,"equinox awd",chevrolet,black,"WY - WYOMING"
41.1437,-104.7962,15600,2017,"civic ex-l",honda,silver,"WY - WYOMING"
40.853134,-105.045552,34750,2017,"q7 prestige",audi,black,"WY - WYOMING"
33.779214,-84.411811,27590,2017,"camaro lt convertible",chevrolet,silver,"WY - WYOMING"
33.779214,-84.411811,16990,2017,"golf tsi wolfsburg",volkswagen,white,"WY - WYOMING"
33.779214,-84.411811,28990,2017,"tacoma double cab sr5",toyota,orange,"WY - WYOMING"
45.7813,-108.5727,29995,2017,"f-150 xlt 4x4",ford,grey,"WY - WYOMING"
44.29231,-105.49809,55930,2017,2500,ram,white,"WY - WYOMING"
42.83998,-106.36704,37948,2017,1500,ram,blue,"WY - WYOMING"
33.779214,-84.411811,22990,2017,"3 series 320i xdrive sedan",bmw,blue,"WY - WYOMING"
40.374375,-104.694103,33875,2017,sierra,gmc,white,"WY - WYOMING"
40.374375,-104.694103,48950,2017,3500,ram,blue,"WY - WYOMING"
40.374375,-104.694103,34500,2017,3500,ram,white,"WY - WYOMING"
44.29231,-105.49809,34961,2017,1500,ram,black,"WY - WYOMING"
44.354923,-106.680384,52995,2017,f250,ford,red,"WY - WYOMING"
44.354923,-106.680384,44995,2017,f350,ford,white,"WY - WYOMING"
44.354923,-106.680384,64995,2017,5500,ram,white,"WY - WYOMING"
33.779214,-84.411811,31990,2017,"silverado 1500 double",chevrolet,black,"WY - WYOMING"
39.57881500000001,-104.862418,32994,2017,tacoma,toyota,custom,"WY - WYOMING"
42.7178,-114.5012,40988,2017,"1500 crew cab laramie",ram,red,"WY - WYOMING"
42.83998,-106.36704,34966,2017,1500,ram,silver,"WY - WYOMING"
33.7865,-84.4454,29990,2017,"wrangler unlimited sport",jeep,black,"WY - WYOMING"
33.779214,-84.411811,21990,2017,"rav4 limited sport",toyota,red,"WY - WYOMING"
33.779214,-84.411811,10990,2017,"versa note s plus",nissan,white,"WY - WYOMING"
33.779214,-84.411811,26990,2017,"grand cherokee altitude",jeep,black,"WY - WYOMING"
44.29231,-105.49809,26931,2017,outback,subaru,blue,"WY - WYOMING"
44.29231,-105.49809,44919,2017,f-150,ford,black,"WY - WYOMING"
42.83998,-106.36704,40936,2017,"silverado 1500",chevrolet,red,"WY - WYOMING"
40.745917,-111.93944,9550,2017,"trax turbo",chevrolet,black,"WY - WYOMING"
43.097207,-106.38746,21550,2017,"f-250 xl super duty 4x4",ford,white,"WY - WYOMING"
44.29231,-105.49809,27962,2017,explorer,ford,black,"WY - WYOMING"
44.29231,-105.49809,48960,2017,"escalade esv",cadillac,blue,"WY - WYOMING"
42.83998,-106.36704,33920,2017,1500,ram,purple,"WY - WYOMING"
33.779214,-84.411811,23990,2017,"outback 3.6r limited",subaru,silver,"WY - WYOMING"
40.374375,-104.694103,48950,2017,3500,ram,blue,"WY - WYOMING"
33.779214,-84.411811,15990,2017,"sonata sport 2.0t sedan",hyundai,black,"WY - WYOMING"
41.129499,-104.823304,27000,2017,tacoma,toyota,silver,"WY - WYOMING"
44.29231,-105.49809,29943,2017,enclave,buick,white,"WY - WYOMING"
44.29231,-105.49809,19927,2017,cherokee,jeep,black,"WY - WYOMING"
44.29231,-105.49809,32965,2017,"wrangler unlimited",jeep,silver,"WY - WYOMING"
44.414385,-103.520136,36900,2017,f150,ford,blue,"WY - WYOMING"
33.779214,-84.411811,10990,2017,"focus se hatchback 4d",ford,white,"WY - WYOMING"
42.83998,-106.36704,12904,2017,escape,ford,yellow,"WY - WYOMING"
44.29231,-105.49809,26901,2017,explorer,ford,grey,"WY - WYOMING"
42.83998,-106.36704,63953,2017,f-350,ford,black,"WY - WYOMING"
33.779214,-84.411811,30990,2017,"silverado 1500 double",chevrolet,black,"WY - WYOMING"
39.6793,-104.8843,0,2017,tundra,toyota,brown,"WY - WYOMING"
42.83998,-106.36704,35964,2017,"silverado 1500",chevrolet,white,"WY - WYOMING"
33.7865,-84.4454,19990,2017,"accord ex-l coupe 2d",honda,silver,"WY - WYOMING"
33.7865,-84.4454,32590,2017,"explorer sport suv 4d",ford,red,"WY - WYOMING"
41.13828400000001,-104.784799,13999,2017,"promaster city",ram,white,"WY - WYOMING"
33.779214,-84.411811,30990,2017,"silverado 1500 crew",chevrolet,silver,"WY - WYOMING"
44.29231,-105.49809,21932,2017,pathfinder,nissan,white,"WY - WYOMING"
44.29231,-105.49809,30956,2017,canyon,gmc,grey,"WY - WYOMING"
33.7865,-84.4454,14990,2017,"equinox ls sport",chevrolet,silver,"WY - WYOMING"
41.13828400000001,-104.784799,8999,2017,"spark, 1lt",chevrolet,purple,"WY - WYOMING"
39.73995,-105.088307,72999,2017,"super duty f-350 srw",ford,white,"WY - WYOMING"
39.73995,-105.088307,38999,2017,suburban,chevrolet,silver,"WY - WYOMING"
44.29231,-105.49809,38933,2017,1500,ram,white,"WY - WYOMING"
33.779214,-84.411811,36590,2017,"tundra crewmax sr5 pickup",toyota,blue,"WY - WYOMING"
33.7865,-84.4454,17590,2017,"civic lx w/honda sensing",honda,white,"WY - WYOMING"
40.374375,-104.694103,48950,2017,3500,ram,black,"WY - WYOMING"
44.29231,-105.49809,58901,2017,"sierra 2500hd",gmc,black,"WY - WYOMING"
44.29231,-105.49809,40952,2017,"sierra 1500",gmc,black,"WY - WYOMING"
33.7865,-84.4454,16990,2017,"bolt ev lt hatchback",chevrolet,white,"WY - WYOMING"
44.29231,-105.49809,17937,2017,fusion,ford,white,"WY - WYOMING"
42.83998,-106.36704,33928,2017,1500,ram,grey,"WY - WYOMING"
33.7865,-84.4454,30990,2017,"wrangler unlimited sport s",jeep,white,"WY - WYOMING"
33.7865,-84.4454,32990,2017,"silverado 1500 double",chevrolet,red,"WY - WYOMING"
33.7865,-84.4454,33990,2017,"tacoma double cab sr",toyota,black,"WY - WYOMING"
45.614034,-108.386684,14990,2017,"renegade sport",jeep,white,"WY - WYOMING"
33.7865,-84.4454,34990,2017,"4runner limited sport",toyota,grey,"WY - WYOMING"
42.83998,-106.36704,16936,2017,encore,buick,silver,"WY - WYOMING"
44.29231,-105.49809,65942,2017,f-250,ford,yellow,"WY - WYOMING"
33.779214,-84.411811,15590,2016,"terrain sle-1 sport utility",gmc,blue,"WY - WYOMING"
44.29231,-105.49809,37901,2016,"silverado 1500",chevrolet,white,"WY - WYOMING"
42.83998,-106.36704,32949,2016,1500,ram,black,"WY - WYOMING"
40.007891,-104.818353,30995,2016,f-150,ford,grey,"WY - WYOMING"
40.007891,-104.818353,20995,2016,f-150,ford,white,"WY - WYOMING"
40.007891,-104.818353,19995,2016,f-150,ford,red,"WY - WYOMING"
33.779214,-84.411811,29590,2016,"tacoma double cab sr5",toyota,red,"WY - WYOMING"
33.779214,-84.411811,20990,2016,"beetle 1.8t se",volkswagen,white,"WY - WYOMING"
42.83998,-106.36704,36922,2016,1500,ram,yellow,"WY - WYOMING"
42.83998,-106.36704,29961,2016,"wrangler unlimited",jeep,black,"WY - WYOMING"
44.29231,-105.49809,28964,2016,1500,ram,blue,"WY - WYOMING"
33.779214,-84.411811,33990,2016,"4runner sr5 premium sport",toyota,white,"WY - WYOMING"
33.779214,-84.411811,11990,2016,"leaf sv hatchback 4d",nissan,white,"WY - WYOMING"
42.83998,-106.36704,29920,2016,mustang,ford,red,"WY - WYOMING"
44.29231,-105.49809,0,2016,rogue,nissan,blue,"WY - WYOMING"
40.374375,-104.694103,38500,2016,3500,ram,white,"WY - WYOMING"
40.374375,-104.694103,46500,2016,2500,ram,white,"WY - WYOMING"
40.374375,-104.694103,53850,2016,silverado,chevrolet,black,"WY - WYOMING"
40.374375,-104.694103,38750,2016,f-350,ford,black,"WY - WYOMING"
44.29231,-105.49809,18947,2016,gti,volkswagen,black,"WY - WYOMING"
44.29231,-105.49809,31964,2016,navigator,lincoln,black,"WY - WYOMING"
44.29231,-105.49809,39948,2016,f-150,ford,black,"WY - WYOMING"
40.745852,-111.939783,17950,2016,"1500 4x4",ram,white,"WY - WYOMING"
39.73995,-105.088307,25000,2016,f-150,ford,purple,"WY - WYOMING"
39.73995,-105.088307,37000,2016,1500,ram,white,"WY - WYOMING"
42.83998,-106.36704,13964,2016,verano,buick,silver,"WY - WYOMING"
44.29231,-105.49809,36943,2016,1500,ram,red,"WY - WYOMING"
44.29231,-105.49809,19998,2016,explorer,ford,red,"WY - WYOMING"
44.097214,-103.163295,21934,2016,"expedition xl",ford,blue,"WY - WYOMING"
44.29231,-105.49809,44954,2016,escalade,cadillac,grey,"WY - WYOMING"
33.779214,-84.411811,19990,2016,"countryman cooper s all4",mini,silver,"WY - WYOMING"
33.779214,-84.411811,23990,2016,"es 350 sedan 4d",lexus,red,"WY - WYOMING"
33.779214,-84.411811,10990,2016,"focus se hatchback 4d",ford,purple,"WY - WYOMING"
44.412888,-103.517818,42810,2016,"sierra 2500hd",gmc,white,"WY - WYOMING"
44.4097,-103.513699,31225,2016,"silverado 1500",chevrolet,red,"WY - WYOMING"
45.7813,-108.5727,29495,2016,"f-150 xlt 4x4",ford,red,"WY - WYOMING"
45.7813,-108.5727,29995,2016,"f-150 xlt 4x4",ford,grey,"WY - WYOMING"
44.29231,-105.49809,44948,2016,"grand cherokee",jeep,white,"WY - WYOMING"
45.7813,-108.5727,18995,2016,"sierra 1500",gmc,white,"WY - WYOMING"
45.7813,-108.5727,31495,2016,"f150 4x4",ford,white,"WY - WYOMING"
45.7813,-108.5727,29995,2016,"f-150 xlt 4x4",ford,silver,"WY - WYOMING"
45.7813,-108.5727,29995,2016,"f150 xlt 4x4",ford,grey,"WY - WYOMING"
45.7813,-108.5727,14995,2016,"f150 ecoboost",ford,red,"WY - WYOMING"
40.374375,-104.694103,38750,2016,f-350,ford,silver,"WY - WYOMING"
40.374375,-104.694103,53850,2016,silverado,chevrolet,black,"WY - WYOMING"
40.374375,-104.694103,54750,2016,sierra,gmc,black,"WY - WYOMING"
40.374375,-104.694103,38500,2016,3500,ram,white,"WY - WYOMING"
40.374375,-104.694103,49999,2016,f-450,ford,white,"WY - WYOMING"
40.74582,-111.941028,7550,2016,patriot,jeep,grey,"WY - WYOMING"
33.779214,-84.411811,13590,2016,"leaf sl hatchback 4d",nissan,black,"WY - WYOMING"
33.7865,-84.4454,30990,2016,"f150 supercrew cab xlt",ford,white,"WY - WYOMING"
40.746015,-111.93974,8950,2016,"patriot latitude 4x4",jeep,red,"WY - WYOMING"
44.29231,-105.49809,16945,2016,fusion,ford,black,"WY - WYOMING"
43.097207,-106.38746,11950,2016,"traverse ls awd",chevrolet,grey,"WY - WYOMING"
40.74595,-111.939783,9550,2016,"encore awd turbo",buick,white,"WY - WYOMING"
44.7849,-106.9648,34900,2016,"f250 platinum",ford,purple,"WY - WYOMING"
33.7865,-84.4454,14590,2016,"fit lx hatchback 4d",honda,red,"WY - WYOMING"
40.74595,-111.939526,8550,2016,"patriot high altitude",jeep,black,"WY - WYOMING"
45.7813,-108.5727,29995,2016,"f150 xlt 4x4",ford,grey,"WY - WYOMING"
33.779214,-84.411811,25990,2016,"wrx limited sedan 4d",subaru,black,"WY - WYOMING"
42.83998,-106.36704,37939,2016,1500,ram,white,"WY - WYOMING"
44.29231,-105.49809,26972,2016,"sierra 1500",gmc,grey,"WY - WYOMING"
33.779214,-84.411811,18590,2016,"taurus limited sedan 4d",ford,red,"WY - WYOMING"
33.779214,-84.411811,17990,2016,"impreza 2.0i sport",subaru,silver,"WY - WYOMING"
41.4247,-105.4781,19500,2016,"f250 super duty 4x4",ford,white,"WY - WYOMING"
33.779214,-84.411811,18990,2016,"countryman cooper s all4",mini,blue,"WY - WYOMING"
41.129499,-104.823304,30000,2016,4runner,toyota,blue,"WY - WYOMING"
33.779214,-84.411811,27590,2016,"tacoma double cab sr5",toyota,black,"WY - WYOMING"
45.7813,-108.5727,31495,2016,"f150 4x4",ford,white,"WY - WYOMING"
45.7813,-108.5727,29995,2016,"f-150 xlt 4x4",ford,silver,"WY - WYOMING"
45.7813,-108.5727,14995,2016,"f150 ecoboost",ford,red,"WY - WYOMING"
42.83998,-106.36704,32949,2016,1500,ram,black,"WY - WYOMING"
41.13828400000001,-104.784799,6999,2016,spark,chevrolet,purple,"WY - WYOMING"
41.13828400000001,-104.784799,29999,2016,"sierra 2500 hd",gmc,white,"WY - WYOMING"
41.13828400000001,-104.784799,25999,2016,"sierra sle",gmc,white,"WY - WYOMING"
43.850927,-104.227491,16900,2016,outback,subaru,white,"WY - WYOMING"
33.7865,-84.4454,31990,2016,"4runner sr5 sport utility",toyota,white,"WY - WYOMING"
44.29231,-105.49809,14944,2016,mazda3,mazda,red,"WY - WYOMING"
44.29231,-105.49809,18947,2016,gti,volkswagen,black,"WY - WYOMING"
33.7865,-84.4454,14990,2016,"corolla le premium sedan",toyota,red,"WY - WYOMING"
40.746275,-111.939397,7950,2016,"compass 4x4",jeep,red,"WY - WYOMING"
40.745917,-111.939912,17950,2016,"expedition xlt 4x4",ford,black,"WY - WYOMING"
44.29231,-105.49809,31964,2016,navigator,lincoln,black,"WY - WYOMING"
44.29231,-105.49809,0,2016,f-150,ford,black,"WY - WYOMING"
44.29231,-105.49809,36943,2016,1500,ram,red,"WY - WYOMING"
33.7865,-84.4454,26990,2016,"370z nismo tech coupe 2d",nissan,black,"WY - WYOMING"
33.7865,-84.4454,21990,2016,"cr-v touring sport utility",honda,white,"WY - WYOMING"
44.412888,-103.517818,44900,2016,"sierra 2500hd",gmc,white,"WY - WYOMING"
42.83998,-106.36704,30920,2016,mustang,ford,black,"WY - WYOMING"
33.7865,-84.4454,26990,2016,"colorado crew cab lt",chevrolet,silver,"WY - WYOMING"
43.850927,-104.227491,18900,2016,"flex sel awd",ford,white,"WY - WYOMING"
44.29231,-105.49809,39957,2016,f-150,ford,white,"WY - WYOMING"
42.83998,-106.36704,19971,2016,q5,audi,grey,"WY - WYOMING"
44.354923,-106.680384,18995,2016,transit,ford,white,"WY - WYOMING"
44.354923,-106.680384,33995,2016,"silverado 1500",chevrolet,white,"WY - WYOMING"
33.7865,-84.4454,25590,2016,"mdx sh-awd sport utility",acura,black,"WY - WYOMING"
44.29231,-105.49809,44948,2016,"grand cherokee",jeep,white,"WY - WYOMING"
33.7865,-84.4454,30590,2016,"highlander limited",toyota,white,"WY - WYOMING"
33.7865,-84.4454,18590,2016,"3 series 320i sedan 4d",bmw,grey,"WY - WYOMING"
40.007891,-104.818353,11495,2015,"promaster city cargo",ram,white,"WY - WYOMING"
40.007891,-104.818353,10995,2015,passat,volkswagen,black,"WY - WYOMING"
40.007891,-104.818353,11995,2015,beetle,volkswagen,white,"WY - WYOMING"
40.007891,-104.818353,16995,2015,renegade,jeep,black,"WY - WYOMING"
40.007891,-104.818353,27995,2015,"grand cherokee",jeep,black,"WY - WYOMING"
40.007891,-104.818353,10900,2015,taurus,ford,black,"WY - WYOMING"
40.007891,-104.818353,32995,2015,f-150,ford,silver,"WY - WYOMING"
44.5484,-109.0635,27000,2015,f-350,ford,white,"WY - WYOMING"
42.83998,-106.36704,31951,2015,f-150,ford,silver,"WY - WYOMING"
36.1149,-115.2161,32995,2015,"f-250 super duty super duty",ford,black,"WY - WYOMING"
43.097207,-106.38746,14995,2015,fuso,mitsubishi,silver,"WY - WYOMING"
40.09429,-104.81014,24977,2015,"f-350 super duty",ford,purple,"WY - WYOMING"
33.779214,-84.411811,24990,2015,"is 250 sedan 4d",lexus,black,"WY - WYOMING"
40.74621,-111.940126,6950,2015,"altima s",nissan,white,"WY - WYOMING"
39.7436,-105.0643,25999,2015,"tacoma double cab",toyota,silver,"WY - WYOMING"
39.7436,-105.0643,26999,2015,wrangler,jeep,black,"WY - WYOMING"
42.845211,-106.237042,32329,2015,"wrangler unlimited rubicon",jeep,red,"WY - WYOMING"
41.1437,-104.7962,21500,2015,f-150,ford,white,"WY - WYOMING"
44.29231,-105.49809,21969,2015,durango,dodge,black,"WY - WYOMING"
40.374375,-104.694103,48500,2015,silverado,chevrolet,silver,"WY - WYOMING"
33.779214,-84.411811,14990,2015,"fit ex hatchback 4d",honda,yellow,"WY - WYOMING"
42.83998,-106.36704,34911,2015,"silverado 3500hd",chevrolet,white,"WY - WYOMING"
45.7813,-108.5727,27995,2015,"f250 super duty 4x4",ford,white,"WY - WYOMING"
42.83998,-106.36704,14910,2015,lacrosse,buick,blue,"WY - WYOMING"
33.779214,-84.411811,18590,2015,"cr-v lx sport utility 4d",honda,white,"WY - WYOMING"
44.29231,-105.49809,30925,2015,"wrangler unlimited",jeep,white,"WY - WYOMING"
33.779214,-84.411811,21990,2015,"xv crosstrek limited",subaru,black,"WY - WYOMING"
33.779214,-84.411811,15990,2015,"i3 hatchback 4d",bmw,silver,"WY - WYOMING"
33.779214,-84.411811,26990,2015,"gs 350 sedan 4d",lexus,black,"WY - WYOMING"
45.7813,-108.5727,21995,2015,"1500 4x4",ram,grey,"WY - WYOMING"
45.7813,-108.5727,19995,2015,"1500 4x4",ram,white,"WY - WYOMING"
45.7813,-108.5727,26995,2015,"f-150 xlt 4x4",ford,red,"WY - WYOMING"
45.7813,-108.5727,19995,2015,"cherokee 4wd 4dr trailhawk",jeep,orange,"WY - WYOMING"
45.7813,-108.5727,17995,2015,"1500 4x4",ram,white,"WY - WYOMING"
40.374375,-104.694103,34999,2015,f-350,ford,silver,"WY - WYOMING"
40.374375,-104.694103,14900,2015,prius,toyota,blue,"WY - WYOMING"
40.374375,-104.694103,52500,2015,silverado,chevrolet,black,"WY - WYOMING"
40.374375,-104.694103,25500,2015,silverado,chevrolet,black,"WY - WYOMING"
40.374375,-104.694103,29999,2015,durango,dodge,blue,"WY - WYOMING"
42.83998,-106.36704,31958,2015,3500,ram,white,"WY - WYOMING"
45.614034,-108.386684,42990,2015,"escalade premium hott!",cadillac,black,"WY - WYOMING"
44.354923,-106.680384,35995,2015,sierra,gmc,white,"WY - WYOMING"
44.29231,-105.49809,37967,2015,yukon,gmc,white,"WY - WYOMING"
42.83998,-106.36704,36955,2015,"sierra 1500",gmc,blue,"WY - WYOMING"
33.779214,-84.411811,18990,2015,"forester 2.5i premium",subaru,white,"WY - WYOMING"
44.29231,-105.49809,33952,2015,"silverado 1500",chevrolet,black,"WY - WYOMING"
33.7865,-84.4454,15990,2015,"terrain sle-1 sport utility",gmc,blue,"WY - WYOMING"
44.7849,-106.9648,10900,2015,"200 s",chrysler,silver,"WY - WYOMING"
40.374375,-104.694103,49900,2015,f-350,ford,black,"WY - WYOMING"
40.374375,-104.694103,25500,2015,silverado,chevrolet,black,"WY - WYOMING"
40.374375,-104.694103,52500,2015,silverado,chevrolet,black,"WY - WYOMING"
33.7865,-84.4454,19590,2015,"xv crosstrek premium",subaru,silver,"WY - WYOMING"
44.29231,-105.49809,28973,2015,"silverado 1500",chevrolet,blue,"WY - WYOMING"
33.7865,-84.4454,16590,2015,"i3 hatchback 4d",bmw,orange,"WY - WYOMING"
40.745885,-111.939611,6550,2015,"versa note sv",nissan,black,"WY - WYOMING"
45.7813,-108.5727,26995,2015,"f-150 xlt 4x4",ford,red,"WY - WYOMING"
45.7813,-108.5727,19995,2015,"cherokee 4wd 4dr trailhawk",jeep,orange,"WY - WYOMING"
45.7813,-108.5727,17995,2015,"1500 4x4",ram,white,"WY - WYOMING"
44.29231,-105.49809,31954,2015,f-150,ford,blue,"WY - WYOMING"
42.83998,-106.36704,31951,2015,f-150,ford,silver,"WY - WYOMING"
33.7865,-84.4454,27990,2015,"f150 supercrew cab xlt",ford,blue,"WY - WYOMING"
42.83998,-106.36704,35981,2015,"escalade esv",cadillac,white,"WY - WYOMING"
44.29231,-105.49809,27990,2015,1500,ram,blue,"WY - WYOMING"
44.29231,-105.49809,0,2015,pathfinder,nissan,black,"WY - WYOMING"
39.7436,-105.0643,26999,2015,wrangler,jeep,black,"WY - WYOMING"
33.7865,-84.4454,10590,2015,"yaris l hatchback coupe",toyota,silver,"WY - WYOMING"
41.13828400000001,-104.784799,11999,2015,journey,dodge,grey,"WY - WYOMING"
44.29231,-105.49809,38973,2015,"yukon xl",gmc,white,"WY - WYOMING"
33.779214,-84.411811,19990,2015,"avalon xle premium sedan",toyota,blue,"WY - WYOMING"
42.83998,-106.36704,34911,2015,"silverado 3500hd",chevrolet,white,"WY - WYOMING"
41.13828400000001,-104.784799,19999,2015,"silverado 2500",chevrolet,silver,"WY - WYOMING"
33.7865,-84.4454,22990,2015,"wrx sedan 4d",subaru,white,"WY - WYOMING"
33.7865,-84.4454,27990,2015,"wrx sti sedan 4d",subaru,silver,"WY - WYOMING"
44.7849,-106.9648,26900,2015,"f150 xlt ecoboost",ford,red,"WY - WYOMING"
44.2954,-105.4573,7750,2015,taurus,ford,black,"WY - WYOMING"
33.779214,-84.411811,27990,2015,"challenger r/t coupe 2d",dodge,black,"WY - WYOMING"
40.374375,-104.694103,52500,2015,silverado,chevrolet,black,"WY - WYOMING"
40.374375,-104.694103,25500,2015,silverado,chevrolet,black,"WY - WYOMING"
40.374375,-104.694103,52500,2015,silverado,chevrolet,black,"WY - WYOMING"
40.374375,-104.694103,49900,2015,f-350,ford,black,"WY - WYOMING"
44.7849,-106.9648,10300,2015,"200 limited",chrysler,white,"WY - WYOMING"
42.066902,-104.963144,50995,2015,escalade,cadillac,white,"WY - WYOMING"
42.83998,-106.36704,11972,2015,fusion,ford,silver,"WY - WYOMING"
44.29231,-105.49809,26947,2015,"silverado 1500",chevrolet,brown,"WY - WYOMING"
33.7865,-84.4454,26990,2015,"camaro ss coupe 2d",chevrolet,silver,"WY - WYOMING"
40.114685,-104.971971,0,2015,equinox,chevrolet,blue,"WY - WYOMING"
40.114685,-104.971971,0,2015,i,dodge,white,"WY - WYOMING"
33.7865,-84.4454,28990,2015,"f150 supercrew cab xlt",ford,red,"WY - WYOMING"
44.354923,-106.680384,42995,2015,2500,ram,black,"WY - WYOMING"
42.83998,-106.36704,31958,2015,3500,ram,white,"WY - WYOMING"
44.29231,-105.49809,24974,2015,explorer,ford,black,"WY - WYOMING"
42.83998,-106.36704,20977,2015,enclave,buick,white,"WY - WYOMING"
33.779214,-84.411811,20590,2014,"camaro lt convertible",chevrolet,black,"WY - WYOMING"
33.779214,-84.411811,17590,2014,"avalon xle premium sedan",toyota,purple,"WY - WYOMING"
33.779214,-84.411811,24990,2014,"challenger r/t coupe 2d",dodge,white,"WY - WYOMING"
40.007891,-104.818353,9400,2014,impreza,subaru,red,"WY - WYOMING"
40.007891,-104.818353,28495,2014,"pickup 1500",ram,black,"WY - WYOMING"
40.007891,-104.818353,10995,2014,c/v,ram,white,"WY - WYOMING"
40.007891,-104.818353,14900,2014,patriot,jeep,silver,"WY - WYOMING"
40.007891,-104.818353,18988,2014,cherokee,jeep,grey,"WY - WYOMING"
40.007891,-104.818353,11777,2014,passat,volkswagen,red,"WY - WYOMING"
40.007891,-104.818353,28995,2014,wrangler,jeep,white,"WY - WYOMING"
40.007891,-104.818353,19900,2014,"grand cherokee",jeep,black,"WY - WYOMING"
40.007891,-104.818353,25990,2014,"f-450 super duty",ford,white,"WY - WYOMING"
40.007891,-104.818353,16995,2014,explorer,ford,silver,"WY - WYOMING"
40.007891,-104.818353,12480,2014,edge,ford,brown,"WY - WYOMING"
40.007891,-104.818353,21995,2014,f-150,ford,white,"WY - WYOMING"
40.007891,-104.818353,11995,2014,"e-series cargo",ford,blue,"WY - WYOMING"
48.1783,-111.9397,25999,2014,f150,ford,black,"WY - WYOMING"
48.1783,-111.9397,19999,2014,expediton,ford,red,"WY - WYOMING"
41.1437,-104.7962,11995,2014,"silverado 1500",chevrolet,white,"WY - WYOMING"
41.142,-104.779,11567,2014,"patriot 4x4",jeep,blue,"WY - WYOMING"
43.097207,-106.38746,4500,2014,"expedition el",ford,purple,"WY - WYOMING"
33.779214,-84.411811,18590,2014,"beetle 1.8t",volkswagen,black,"WY - WYOMING"
33.779214,-84.411811,23590,2014,"3 series 335i sedan 4d",bmw,white,"WY - WYOMING"
33.779214,-84.411811,20990,2014,"3 series 335i sedan 4d",bmw,brown,"WY - WYOMING"
43.097207,-106.38746,11000,2014,2500,ram,red,"WY - WYOMING"
44.7561,-108.7773,11900,2014,explorer,ford,red,"WY - WYOMING"
33.779214,-84.411811,32990,2014,"wrangler unlimited rubicon",jeep,blue,"WY - WYOMING"
44.29231,-105.49809,21920,2014,"silverado 1500",chevrolet,blue,"WY - WYOMING"
42.83998,-106.36704,30962,2014,1500,ram,grey,"WY - WYOMING"
33.779214,-84.411811,17590,2014,"accord ex-l coupe 2d",honda,white,"WY - WYOMING"
33.779214,-84.411811,30590,2014,"sierra 1500 crew cab denali",gmc,black,"WY - WYOMING"
40.374375,-104.694103,38500,2014,f-250,ford,white,"WY - WYOMING"
40.374375,-104.694103,46800,2014,3500,ram,blue,"WY - WYOMING"
40.374375,-104.694103,11950,2014,murano,nissan,silver,"WY - WYOMING"
39.73995,-105.088307,26601,2014,f-150,ford,white,"WY - WYOMING"
39.73995,-105.088307,35900,2014,f-150,ford,black,"WY - WYOMING"
36.1149,-115.2161,31777,2014,"silverado 2500hd work",chevrolet,purple,"WY - WYOMING"
33.779214,-84.411811,16990,2014,"tsx sedan 4d",acura,black,"WY - WYOMING"
44.0138,-107.9563,19750,2014,"f-350 super duty",ford,white,"WY - WYOMING"
33.779214,-84.411811,15990,2014,"impreza 2.0i limited",subaru,silver,"WY - WYOMING"
33.779214,-84.411811,13590,2014,"sonata gls sedan 4d",hyundai,black,"WY - WYOMING"
33.779214,-84.411811,14990,2014,"hardtop cooper s hatchback",mini,orange,"WY - WYOMING"
45.7813,-108.5727,18995,2014,"f250 super duty 4x4",ford,white,"WY - WYOMING"
45.7813,-108.5727,14995,2014,"lacrosse premium",buick,grey,"WY - WYOMING"
45.7813,-108.5727,14995,2014,"f150 4x4",ford,white,"WY - WYOMING"
33.779214,-84.411811,18990,2014,"beetle tdi",volkswagen,brown,"WY - WYOMING"
33.779214,-84.411811,20590,2014,"beetle tdi",volkswagen,red,"WY - WYOMING"
33.779214,-84.411811,17990,2014,"3 series 320i xdrive sedan",bmw,white,"WY - WYOMING"
40.374375,-104.694103,57000,2014,5500,ram,white,"WY - WYOMING"
40.374375,-104.694103,32500,2014,f-150,ford,black,"WY - WYOMING"
40.374375,-104.694103,34500,2014,tundra,toyota,silver,"WY - WYOMING"
40.374375,-104.694103,38500,2014,f-250,ford,white,"WY - WYOMING"
40.114685,-104.971971,0,2014,econoline,ford,white,"WY - WYOMING"
44.354923,-106.680384,32995,2014,f-150,ford,black,"WY - WYOMING"
41.1836,-104.8023,6200,2014,"sentra sv sedan 4d",nissan,red,"WY - WYOMING"
33.7865,-84.4454,21990,2014,"is 250 sedan 4d",lexus,silver,"WY - WYOMING"
33.7865,-84.4454,30990,2014,"4runner sr5 sport utility",toyota,white,"WY - WYOMING"
42.8261,-106.3896,13500,2014,"prius iv 4dr hatchback",toyota,blue,"WY - WYOMING"
33.779214,-84.411811,42590,2014,"corvette stingray",chevrolet,silver,"WY - WYOMING"
41.1437,-104.7962,14000,2014,cherokee,jeep,black,"WY - WYOMING"
41.0375,-111.9326,21500,2014,"1500 sport 4x4",ram,black,"WY - WYOMING"
33.779214,-84.411811,21990,2014,"cts 2.0 luxury",cadillac,red,"WY - WYOMING"
33.779214,-84.411811,21990,2014,"4 series 428i xdrive coupe",bmw,red,"WY - WYOMING"
43.097207,-106.38746,19500,2014,"f150 4x4",ford,black,"WY - WYOMING"
40.374375,-104.694103,57000,2014,5500,ram,white,"WY - WYOMING"
40.374375,-104.694103,57000,2014,5500,ram,white,"WY - WYOMING"
40.374375,-104.694103,32500,2014,f-150,ford,black,"WY - WYOMING"
41.129499,-104.823304,17000,2014,qx60,infiniti,grey,"WY - WYOMING"
43.850927,-104.227491,33900,2014,"3500 laramie crew",ram,purple,"WY - WYOMING"
33.779214,-84.411811,21990,2014,"gs 350 sedan 4d",lexus,white,"WY - WYOMING"
33.7865,-84.4454,14590,2014,"golf tdi hatchback",volkswagen,grey,"WY - WYOMING"
43.097207,-106.38746,6950,2014,"camry se",toyota,silver,"WY - WYOMING"
45.7813,-108.5727,14995,2014,"f150 4x4",ford,white,"WY - WYOMING"
44.29231,-105.49809,32937,2014,f-150,ford,blue,"WY - WYOMING"
33.779214,-84.411811,15990,2014,"beetle r-line",volkswagen,blue,"WY - WYOMING"
33.779214,-84.411811,16990,2014,"accord ex-l coupe 2d",honda,blue,"WY - WYOMING"
41.2054,-106.7803,17000,2014,"1500 4x4",ram,white,"WY - WYOMING"
44.29231,-105.49809,21920,2014,"silverado 1500",chevrolet,red,"WY - WYOMING"
41.13828400000001,-104.784799,9999,2014,"civic lx",honda,black,"WY - WYOMING"
41.13828400000001,-104.784799,9999,2014,"dart,limited",dodge,blue,"WY - WYOMING"
41.13828400000001,-104.784799,12999,2014,"murano, sv",nissan,purple,"WY - WYOMING"
33.7865,-84.4454,15990,2014,"fiesta st hatchback 4d",ford,black,"WY - WYOMING"
33.779214,-84.411811,24990,2014,"is 350 sedan 4d",lexus,silver,"WY - WYOMING"
41.13828400000001,-104.784799,12999,2014,"santa fe sport",hyundai,white,"WY - WYOMING"
42.83998,-106.36704,30962,2014,1500,ram,grey,"WY - WYOMING"
33.7865,-84.4454,14990,2014,"compass sport suv 4d",jeep,black,"WY - WYOMING"
33.779214,-84.411811,11990,2014,"elantra limited sedan 4d",hyundai,white,"WY - WYOMING"
41.13828400000001,-104.784799,12999,2014,"durango slt",dodge,silver,"WY - WYOMING"
40.374375,-104.694103,34500,2014,tundra,toyota,silver,"WY - WYOMING"
40.374375,-104.694103,32500,2014,f-150,ford,black,"WY - WYOMING"
40.374375,-104.694103,57000,2014,5500,ram,white,"WY - WYOMING"
42.83998,-106.36704,13902,2014,traverse,chevrolet,silver,"WY - WYOMING"
44.354923,-106.680384,42995,2014,f350,ford,grey,"WY - WYOMING"
33.779214,-84.411811,17590,2014,"c-class c 250",mercedes-benz,red,"WY - WYOMING"
33.779214,-84.411811,17990,2014,"rav4 limited sport",toyota,red,"WY - WYOMING"
44.7849,-106.9648,17900,2014,"cts coupe awd",cadillac,black,"WY - WYOMING"
33.779214,-84.411811,12990,2013,"elantra gls sedan 4d",hyundai,blue,"WY - WYOMING"
40.007891,-104.818353,13995,2013,escape,ford,grey,"WY - WYOMING"
40.007891,-104.818353,18900,2013,"pickup 1500",ram,red,"WY - WYOMING"
40.007891,-104.818353,25995,2013,"wrangler unlimited",jeep,white,"WY - WYOMING"
40.007891,-104.818353,21995,2013,"wrangler unlimited",jeep,silver,"WY - WYOMING"
40.007891,-104.818353,12900,2013,explorer,ford,black,"WY - WYOMING"
40.007891,-104.818353,14900,2013,"grand cherokee",jeep,black,"WY - WYOMING"
40.007891,-104.818353,9400,2013,fusion,ford,red,"WY - WYOMING"
40.007891,-104.818353,14995,2013,f-150,ford,white,"WY - WYOMING"
40.007891,-104.818353,12995,2013,explorer,ford,grey,"WY - WYOMING"
40.007891,-104.818353,13400,2013,explorer,ford,black,"WY - WYOMING"
33.779214,-84.411811,18990,2013,"c-class c 250",mercedes-benz,red,"WY - WYOMING"
33.779214,-84.411811,12590,2013,"sonata gls sedan 4d",hyundai,white,"WY - WYOMING"
41.1836,-104.8023,26000,2013,f-150,ford,blue,"WY - WYOMING"
33.779214,-84.411811,13590,2013,"beetle 2.5l hatchback",volkswagen,silver,"WY - WYOMING"
33.779214,-84.411811,20590,2013,"3 series 328i coupe 2d",bmw,black,"WY - WYOMING"
42.8992,-106.1754,6500,2013,"yukon xl slt",gmc,white,"WY - WYOMING"
43.097207,-106.38746,5500,2013,"expedition el",ford,purple,"WY - WYOMING"
42.8992,-106.1754,7500,2013,"jetta hybrid",volkswagen,blue,"WY - WYOMING"
33.779214,-84.411811,25990,2013,"f150 supercrew cab xlt",ford,white,"WY - WYOMING"
41.43899999999999,-105.801,8499,2013,"civic ex",honda,grey,"WY - WYOMING"
40.114685,-104.971971,0,2013,prius,toyota,white,"WY - WYOMING"
36.1149,-115.2161,32995,2013,"f-350 super duty 4x2 2dr re",ford,blue,"WY - WYOMING"
33.779214,-84.411811,17990,2013,"rav4 xle sport utility 4d",toyota,black,"WY - WYOMING"
42.83998,-106.36704,29991,2013,"sierra 2500hd",gmc,red,"WY - WYOMING"
41.313003,-105.552135,6500,2013,"grand caravan",dodge,silver,"WY - WYOMING"
39.73995,-105.088307,20999,2013,f-150,ford,purple,"WY - WYOMING"
33.779214,-84.411811,15990,2013,"g g37x sedan 4d",infiniti,black,"WY - WYOMING"
42.83998,-106.36704,31950,2013,f-150,ford,black,"WY - WYOMING"
44.29231,-105.49809,31927,2013,5500,ram,white,"WY - WYOMING"
33.7865,-84.4454,10990,2013,"elantra gt hatchback 4d",hyundai,silver,"WY - WYOMING"
40.74621,-111.939611,4550,2013,avenger,dodge,silver,"WY - WYOMING"
40.374375,-104.694103,17900,2013,avalanche,chevrolet,white,"WY - WYOMING"
40.42978,-104.990485,16999,2013,"genesis coupe 3.8 track",hyundai,red,"WY - WYOMING"
36.1149,-115.2161,25555,2013,"e-series cargo e 350 sd 3dr",ford,black,"WY - WYOMING"
42.83998,-106.36704,9976,2013,fusion,ford,white,"WY - WYOMING"
45.7813,-108.5727,25995,2013,"silverado 3500hd ltz",chevrolet,black,"WY - WYOMING"
33.7865,-84.4454,14590,2013,"beetle 2.5l hatchback",volkswagen,black,"WY - WYOMING"
33.779214,-84.411811,20990,2013,"3 series 335i sedan 4d",bmw,silver,"WY - WYOMING"
33.779214,-84.411811,16590,2013,"beetle tdi hatchback",volkswagen,white,"WY - WYOMING"
40.374375,-104.694103,14500,2013,f-150,ford,black,"WY - WYOMING"
40.374375,-104.694103,8999,2013,dart,dodge,silver,"WY - WYOMING"
42.83998,-106.36704,11914,2013,soul,kia,silver,"WY - WYOMING"
42.83998,-106.36704,28976,2013,f-150,ford,black,"WY - WYOMING"
33.779214,-84.411811,27990,2013,"wrangler unlimited sahara",jeep,black,"WY - WYOMING"
44.3692,-103.3617,22870,2013,1500,ram,silver,"WY - WYOMING"
44.3692,-103.3617,18950,2013,"silverado 1500",chevrolet,white,"WY - WYOMING"
42.83998,-106.36704,10970,2013,rogue,nissan,black,"WY - WYOMING"
33.7865,-84.4454,17590,2013,"g g37x sedan 4d",infiniti,black,"WY - WYOMING"
43.097207,-106.38746,17950,2013,"f-150 platinum 4x4 turbo",ford,white,"WY - WYOMING"
33.779214,-84.411811,10990,2013,"elantra gls sedan 4d",hyundai,red,"WY - WYOMING"
43.097207,-106.38746,6995,2013,"fusion titanium hybrid",ford,black,"WY - WYOMING"
40.114685,-104.971971,0,2013,prius,toyota,white,"WY - WYOMING"
40.374375,-104.694103,8999,2013,dart,dodge,silver,"WY - WYOMING"
33.779214,-84.411811,12990,2013,"hardtop cooper hatchback 2d",mini,black,"WY - WYOMING"
33.779214,-84.411811,19990,2013,"es 350 sedan 4d",lexus,blue,"WY - WYOMING"
40.745657,-111.93974,7950,2013,"pathfinder 4x4",nissan,grey,"WY - WYOMING"
40.746015,-111.939869,4550,2013,"grand caravan",dodge,silver,"WY - WYOMING"
33.7865,-84.4454,22990,2013,"3 series 335i sedan 4d",bmw,black,"WY - WYOMING"
44.29231,-105.49809,37996,2013,"silverado 3500hd",chevrolet,black,"WY - WYOMING"
40.114685,-104.971971,0,2013,prius,toyota,white,"WY - WYOMING"
43.850927,-104.227491,17900,2013,"grand cherokee overland 4x4",jeep,white,"WY - WYOMING"
41.1437,-104.7962,17999,2013,"yukon, slt",gmc,black,"WY - WYOMING"
41.13828400000001,-104.784799,17999,2013,"silverado 3500",chevrolet,white,"WY - WYOMING"
33.7865,-84.4454,21990,2013,"acadia denali sport utility",gmc,red,"WY - WYOMING"
41.1437,-104.7962,16900,2013,x1,bmw,white,"WY - WYOMING"
42.83998,-106.36704,29991,2013,"sierra 2500hd",gmc,black,"WY - WYOMING"
39.626594,-105.050914,19999,2013,impreza,subaru,custom,"WY - WYOMING"
42.7626,-105.3855,16000,2013,"f-150 xl",ford,white,"WY - WYOMING"
43.0351,-108.2024,8500,2013,"charger pursuit 2013",dodge,black,"WY - WYOMING"
44.3692,-103.3617,24900,2013,1500,ram,silver,"WY - WYOMING"
44.3692,-103.3617,22900,2013,"silverado 1500",chevrolet,white,"WY - WYOMING"
41.13828400000001,-104.784799,7999,2013,escape,ford,grey,"WY - WYOMING"
39.73995,-105.088307,27999,2013,f-150,ford,white,"WY - WYOMING"
40.374375,-104.694103,17900,2013,avalanche,chevrolet,white,"WY - WYOMING"
40.374375,-104.694103,8999,2013,dart,dodge,silver,"WY - WYOMING"
44.29231,-105.49809,31927,2013,5500,ram,white,"WY - WYOMING"
44.29231,-105.49809,41958,2013,3500,ram,blue,"WY - WYOMING"
33.7865,-84.4454,25990,2013,"gs 350 sedan 4d",lexus,silver,"WY - WYOMING"
33.7865,-84.4454,17990,2013,"beetle 2.5l",volkswagen,blue,"WY - WYOMING"
33.779214,-84.411811,27990,2013,"wrangler unlimited sport s",jeep,silver,"WY - WYOMING"
44.29231,-105.49809,0,2013,sonata,hyundai,black,"WY - WYOMING"
42.83998,-106.36704,11914,2013,soul,kia,silver,"WY - WYOMING"
34.0482,-118.3343,0,2013,civic,honda,custom,"WY - WYOMING"
33.7865,-84.4454,15990,2013,"accord sport sedan 4d",honda,silver,"WY - WYOMING"
33.7865,-84.4454,18990,2013,"e-class e 350",mercedes-benz,silver,"WY - WYOMING"
42.117911,-88.435581,39900,2012,5500,ram,silver,"WY - WYOMING"
33.779214,-84.411811,14990,2012,"tl sedan 4d",acura,black,"WY - WYOMING"
40.007891,-104.818353,22450,2012,"chassis 4500",ram,white,"WY - WYOMING"
40.007891,-104.818353,15900,2012,"grand cherokee",jeep,black,"WY - WYOMING"
40.007891,-104.818353,27995,2012,f-150,ford,white,"WY - WYOMING"
40.007891,-104.818353,22995,2012,f-150,ford,white,"WY - WYOMING"
40.007891,-104.818353,14400,2012,f-150,ford,white,"WY - WYOMING"
40.007891,-104.818353,17900,2012,"f-350 super duty",ford,white,"WY - WYOMING"
40.007891,-104.818353,13995,2012,f-150,ford,silver,"WY - WYOMING"
40.007891,-104.818353,19500,2012,f-150,ford,grey,"WY - WYOMING"
40.007891,-104.818353,19800,2012,f-150,ford,white,"WY - WYOMING"
40.007891,-104.818353,19995,2012,f-150,ford,white,"WY - WYOMING"
40.007891,-104.818353,10900,2012,"expedition el",ford,blue,"WY - WYOMING"
40.007891,-104.818353,9995,2012,expedition,ford,white,"WY - WYOMING"
48.1783,-111.9397,26999,2012,f150,ford,red,"WY - WYOMING"
42.8261,-106.3896,6000,2012,fiesta,ford,blue,"WY - WYOMING"
42.7626,-105.3855,16000,2012,"suburban 1500",chevrolet,white,"WY - WYOMING"
33.779214,-84.411811,14590,2012,"beetle 2.5l hatchback",volkswagen,black,"WY - WYOMING"
41.43899999999999,-105.801,12500,2012,"savana 2500",gmc,white,"WY - WYOMING"
42.8992,-106.1754,2995,2012,"sonic lt",chevrolet,blue,"WY - WYOMING"
33.779214,-84.411811,23990,2012,"mustang gt premium coupe 2d",ford,blue,"WY - WYOMING"
40.374375,-104.694103,39000,2012,f-350,ford,white,"WY - WYOMING"
40.374375,-104.694103,46500,2012,f-550,ford,white,"WY - WYOMING"
40.374375,-104.694103,39999,2012,f-250,ford,black,"WY - WYOMING"
33.779214,-84.411811,37990,2012,"corvette grand sport",chevrolet,red,"WY - WYOMING"
39.73995,-105.088307,33495,2012,express,chevrolet,black,"WY - WYOMING"
33.779214,-84.411811,17990,2012,"cts sedan 4d",cadillac,black,"WY - WYOMING"
44.29231,-105.49809,23998,2012,"silverado 2500hd",chevrolet,silver,"WY - WYOMING"
44.348354,-106.698704,5200,2012,"malibu lt",chevrolet,silver,"WY - WYOMING"
40.374375,-104.694103,14999,2012,durango,dodge,black,"WY - WYOMING"
40.374375,-104.694103,39000,2012,f-350,ford,white,"WY - WYOMING"
40.374375,-104.694103,39999,2012,f-250,ford,black,"WY - WYOMING"
33.779214,-84.411811,23990,2012,"mustang gt premium coupe 2d",ford,blue,"WY - WYOMING"
41.353206,-106.240454,25000,2012,"wrangler unlimited 4wd",jeep,black,"WY - WYOMING"
40.745917,-111.939783,7550,2012,"acadia slt",gmc,silver,"WY - WYOMING"
42.83998,-106.36704,14925,2012,prius,toyota,silver,"WY - WYOMING"
33.779214,-84.411811,21990,2012,"e-class e 350",mercedes-benz,silver,"WY - WYOMING"
43.097207,-106.38746,4950,2012,soul,kia,green,"WY - WYOMING"
33.779214,-84.411811,17990,2012,"a5 2.0t quattro premium",audi,white,"WY - WYOMING"
33.779214,-84.411811,13990,2012,"tsx sedan 4d",acura,silver,"WY - WYOMING"
44.29231,-105.49809,21984,2012,1500,ram,grey,"WY - WYOMING"
40.5986,-105.0581,37000,2012,3500,ram,red,"WY - WYOMING"
40.746203,-111.939354,6950,2012,quest,nissan,black,"WY - WYOMING"
41.129499,-104.823304,12000,2012,"transit connect",ford,silver,"WY - WYOMING"
41.1437,-104.7962,5000,2012,"fiesta ses hatch",ford,red,"WY - WYOMING"
33.7865,-84.4454,19990,2012,"a6 3.0t quattro premium",audi,white,"WY - WYOMING"
33.7865,-84.4454,29990,2012,"wrangler unlimited sahara",jeep,white,"WY - WYOMING"
33.779214,-84.411811,22990,2012,"mustang gt premium",ford,silver,"WY - WYOMING"
33.7865,-84.4454,9990,2012,"leaf sl hatchback 4d",nissan,white,"WY - WYOMING"
43.097207,-106.38746,15550,2012,"f-150 fx4 4x4",ford,blue,"WY - WYOMING"
42.807004,-106.434367,9500,2012,"taurus limited sedan 4d",ford,black,"WY - WYOMING"
41.13828400000001,-104.784799,16999,2012,"challenger r/t",dodge,grey,"WY - WYOMING"
41.13828400000001,-104.784799,8999,2012,"traverse lt",chevrolet,black,"WY - WYOMING"
33.7865,-84.4454,11990,2012,"sonata limited sedan 4d",hyundai,silver,"WY - WYOMING"
43.72509,-108.471457,26950,2012,5500,dodge,white,"WY - WYOMING"
33.7865,-84.4454,14590,2012,"g g37 sport appearance",infiniti,white,"WY - WYOMING"
33.7865,-84.4454,9590,2012,"leaf sl hatchback 4d",nissan,silver,"WY - WYOMING"
33.779214,-84.411811,34990,2012,"corvette grand sport",chevrolet,yellow,"WY - WYOMING"
33.779214,-84.411811,29990,2012,"mustang boss 302 coupe 2d",ford,red,"WY - WYOMING"
33.779214,-84.411811,19990,2011,"e-class e 550",mercedes-benz,black,"WY - WYOMING"
40.007891,-104.818353,11900,2011,forester,subaru,black,"WY - WYOMING"
40.007891,-104.818353,19500,2011,"pickup 1500",ram,white,"WY - WYOMING"
40.007891,-104.818353,6995,2011,sentra,nissan,silver,"WY - WYOMING"
40.007891,-104.818353,6900,2011,mazda3,mazda,white,"WY - WYOMING"
40.007891,-104.818353,8500,2011,tiguan,volkswagen,silver,"WY - WYOMING"
40.007891,-104.818353,29995,2011,"f-450 super duty",ford,black,"WY - WYOMING"
40.007891,-104.818353,24495,2011,f-150,ford,white,"WY - WYOMING"
40.007891,-104.818353,12900,2011,pilot,honda,grey,"WY - WYOMING"
40.007891,-104.818353,25995,2011,f-150,ford,black,"WY - WYOMING"
40.007891,-104.818353,25495,2011,"f-350 super duty",ford,white,"WY - WYOMING"
41.0786,-104.8018,34000,2011,"f350 dually",ford,grey,"WY - WYOMING"
43.4223,-103.4766,12995,2011,3500,ram,white,"WY - WYOMING"
43.066,-106.394,9800,2011,mkt,lincoln,blue,"WY - WYOMING"
41.1437,-104.7962,2000,2011,"sorento ex 4wd",kia,silver,"WY - WYOMING"
42.806836,-106.189091,39999,2011,2500,ram,blue,"WY - WYOMING"
42.8992,-106.1754,9500,2011,"f-150 xlt",ford,white,"WY - WYOMING"
44.5231,-109.0756,9000,2011,"fusion sel",ford,red,"WY - WYOMING"
39.7436,-105.0643,19999,2011,"titan crew cab",nissan,white,"WY - WYOMING"
39.7436,-105.0643,24999,2011,"silverado 2500 hd crew cab",chevrolet,white,"WY - WYOMING"
44.5231,-109.0756,39500,2011,"f450 4x4",ford,red,"WY - WYOMING"
47.901,-97.0446,27990,2011,"wrangler unlimited sahara",jeep,white,"WY - WYOMING"
40.374375,-104.694103,39999,2011,f-450,ford,silver,"WY - WYOMING"
42.904776,-108.582001,8000,2011,camry,toyota,silver,"WY - WYOMING"
42.83998,-106.36704,14959,2011,tahoe,chevrolet,white,"WY - WYOMING"
45.7813,-108.5727,17495,2011,"silverado 2500hd 4x4",chevrolet,white,"WY - WYOMING"
45.7813,-108.5727,15995,2011,"silverado 2500hd 4x4",chevrolet,white,"WY - WYOMING"
40.374375,-104.694103,21800,2011,"chassis cab",ram,white,"WY - WYOMING"
40.374375,-104.694103,25500,2011,"chassis cab",ram,white,"WY - WYOMING"
40.374375,-104.694103,15500,2011,suburban,chevrolet,white,"WY - WYOMING"
43.4528,-110.7393,9500,2011,terrain,gmc,black,"WY - WYOMING"
41.146968,-104.76305,20000,2011,"silverado 1500",chevrolet,blue,"WY - WYOMING"
41.129499,-104.823304,30000,2011,"f-250 super duty",ford,silver,"WY - WYOMING"
33.779214,-84.411811,17990,2011,"mx-5 miata grand touring",mazda,red,"WY - WYOMING"
45.7813,-108.5727,17495,2011,"silverado 2500hd 4x4",chevrolet,white,"WY - WYOMING"
45.7813,-108.5727,15995,2011,"silverado 2500hd 4x4",chevrolet,white,"WY - WYOMING"
33.779214,-84.411811,12990,2011,"c-class c 300",mercedes-benz,silver,"WY - WYOMING"
41.13828400000001,-104.784799,19999,2011,f150,ford,black,"WY - WYOMING"
47.901,-97.0446,27990,2011,"wrangler unlimited sahara",jeep,white,"WY - WYOMING"
39.626594,-105.050914,19998,2011,"silverado 1500",chevrolet,grey,"WY - WYOMING"
39.5805,-104.9011,19999,2011,impreza,subaru,grey,"WY - WYOMING"
39.73995,-105.088307,36999,2011,f-250,ford,black,"WY - WYOMING"
33.7865,-84.4454,16990,2011,"mx-5 miata grand touring",mazda,red,"WY - WYOMING"
44.29231,-105.49809,23950,2011,5500,dodge,white,"WY - WYOMING"
44.354923,-106.680384,13995,2011,suburban,chevrolet,white,"WY - WYOMING"
44.354923,-106.680384,29995,2011,3500,ram,silver,"WY - WYOMING"
45.614034,-108.386684,11990,2011,explorer,ford,silver,"WY - WYOMING"
43.4528,-110.7393,5750,2010,"vibe gt",pontiac,orange,"WY - WYOMING"
40.007891,-104.818353,18900,2010,cayenne,porsche,black,"WY - WYOMING"
40.007891,-104.818353,8900,2010,rx-8,mazda,silver,"WY - WYOMING"
40.007891,-104.818353,21500,2010,f-150,ford,white,"WY - WYOMING"
40.007891,-104.818353,5995,2010,f-150,ford,white,"WY - WYOMING"
40.007891,-104.818353,9900,2010,ranger,ford,white,"WY - WYOMING"
40.007891,-104.818353,19900,2010,"f-350 super duty",ford,blue,"WY - WYOMING"
40.007891,-104.818353,9188,2010,expedition,ford,silver,"WY - WYOMING"
40.4961,-105.0002,9700,2010,f150,ford,blue,"WY - WYOMING"
33.779214,-84.411811,17990,2010,"mx-5 miata touring",mazda,black,"WY - WYOMING"
40.114685,-104.971971,0,2010,prius,toyota,white,"WY - WYOMING"
40.114685,-104.971971,0,2010,venza,toyota,blue,"WY - WYOMING"
33.779214,-84.411811,17990,2010,"rx 350 sport utility 4d",lexus,blue,"WY - WYOMING"
36.1149,-115.2161,18444,2010,"f-150 xl fleet work truck,",ford,purple,"WY - WYOMING"
39.73995,-105.088307,22000,2010,camaro,chevrolet,black,"WY - WYOMING"
36.1149,-115.2161,18995,2010,"f-150 xl",ford,silver,"WY - WYOMING"
36.1149,-115.2161,18995,2010,"f-150 xl",ford,red,"WY - WYOMING"
33.779214,-84.411811,16990,2010,"mx-5 miata grand touring",mazda,red,"WY - WYOMING"
40.4837,-104.8994,28500,2010,f-250,ford,white,"WY - WYOMING"
44.354923,-106.680384,17995,2010,wrangler,jeep,red,"WY - WYOMING"
33.779214,-84.411811,25990,2010,"camaro ss coupe 2d",chevrolet,red,"WY - WYOMING"
40.114685,-104.971971,0,2010,prius,toyota,white,"WY - WYOMING"
40.114685,-104.971971,0,2010,venza,toyota,blue,"WY - WYOMING"
41.13828400000001,-104.784799,6999,2010,"grand caravan",dodge,white,"WY - WYOMING"
41.13828400000001,-104.784799,9999,2010,"odyssey,touring",honda,white,"WY - WYOMING"
41.13828400000001,-104.784799,16999,2010,"sierra, sle",gmc,blue,"WY - WYOMING"
41.13828400000001,-104.784799,6999,2010,"fusion, se",ford,white,"WY - WYOMING"
41.13828400000001,-104.784799,8999,2010,"terrain, sle",gmc,grey,"WY - WYOMING"
33.7865,-84.4454,15590,2010,"rx 350 sport utility 4d",lexus,grey,"WY - WYOMING"
41.335421,-106.513824,20000,2009,"element ex ecamper",honda,orange,"WY - WYOMING"
40.007891,-104.818353,9900,2009,"f-250 super duty",ford,white,"WY - WYOMING"
40.007891,-104.818353,8900,2009,"explorer sport trac",ford,black,"WY - WYOMING"
41.1437,-104.7962,8995,2009,suburban,chevrolet,custom,"WY - WYOMING"
41.1437,-104.7962,9995,2009,"2500 hd",chevrolet,white,"WY - WYOMING"
43.9282,-105.5492,16500,2009,"tacoma 4x4",toyota,white,"WY - WYOMING"
39.7436,-105.0643,9999,2009,"davidson v-rod muscle",harley-davidson,custom,"WY - WYOMING"
40.5986,-105.0581,6450,2009,impreza,subaru,white,"WY - WYOMING"
40.746177,-111.939311,4550,2009,accord,honda,grey,"WY - WYOMING"
44.29231,-105.49809,20997,2009,"wrangler unlimited",jeep,black,"WY - WYOMING"
44.80174,-106.95561399999998,7500,2009,prius,toyota,grey,"WY - WYOMING"
40.374375,-104.694103,14900,2009,silverado,chevrolet,white,"WY - WYOMING"
44.29231,-105.49809,0,2009,f-350,ford,white,"WY - WYOMING"
44.29231,-105.49809,0,2009,liberty,jeep,white,"WY - WYOMING"
44.097154,-103.163359,29900,2009,"f-550 super duty",ford,white,"WY - WYOMING"
43.097207,-106.38746,6500,2009,accord,honda,silver,"WY - WYOMING"
41.49800000000001,-106.754,16400,2009,seirra,gmc,purple,"WY - WYOMING"
40.374375,-104.694103,14900,2009,silverado,chevrolet,white,"WY - WYOMING"
40.374375,-104.694103,12900,2009,sierra,gmc,white,"WY - WYOMING"
43.457953,-110.792999,12999,2009,cr-v,honda,silver,"WY - WYOMING"
41.13828400000001,-104.784799,6999,2009,"accord, ex",honda,silver,"WY - WYOMING"
41.13828400000001,-104.784799,7999,2009,"grand caravan",dodge,silver,"WY - WYOMING"
41.13828400000001,-104.784799,16999,2009,"yukon,denali",gmc,white,"WY - WYOMING"
42.83998,-106.36704,17919,2009,"escalade ext",cadillac,white,"WY - WYOMING"
42.8261,-106.3896,10999,2009,"tacoma 4x4",toyota,green,"WY - WYOMING"
40.114685,-104.971971,0,2009,prius,toyota,white,"WY - WYOMING"
40.374375,-104.694103,19900,2009,silverado,chevrolet,white,"WY - WYOMING"
40.374375,-104.694103,12900,2009,sierra,gmc,white,"WY - WYOMING"
40.577716,-104.837379,17750,2009,escalade,cadillac,red,"WY - WYOMING"
42.8543,-109.8561,4200,2009,"versa s",nissan,grey,"WY - WYOMING"
44.29231,-105.49809,0,2009,f-350,ford,white,"WY - WYOMING"
33.7865,-84.4454,13590,2009,"3 series 328i convertible 2d",bmw,grey,"WY - WYOMING"
42.8261,-106.3896,5500,2008,commander,jeep,white,"WY - WYOMING"
40.007891,-104.818353,7995,2008,commander,jeep,white,"WY - WYOMING"
40.007891,-104.818353,7900,2008,escape,ford,white,"WY - WYOMING"
41.1437,-104.7962,8595,2008,xterra,nissan,silver,"WY - WYOMING"
42.6881,-109.5401,8800,2008,"highlander sport awd",toyota,green,"WY - WYOMING"
40.5986,-105.0581,4650,2008,sienna,toyota,red,"WY - WYOMING"
43.097207,-106.38746,6500,2008,suburban,chevrolet,white,"WY - WYOMING"
42.8992,-106.1754,4995,2008,malibu,chevrolet,white,"WY - WYOMING"
44.7561,-108.7773,4500,2008,torrent,pontiac,silver,"WY - WYOMING"
41.49800000000001,-106.754,15500,2008,silverado,chevrolet,red,"WY - WYOMING"
42.6881,-109.5401,8800,2008,"highlander sport awd",toyota,green,"WY - WYOMING"
42.118166,-88.435581,12900,2008,f350,ford,blue,"WY - WYOMING"
40.114685,-104.971971,0,2008,escape,ford,green,"WY - WYOMING"
42.83998,-106.36704,8935,2008,enclave,buick,yellow,"WY - WYOMING"
36.1149,-115.2161,26995,2008,"f-250 super duty super duty",ford,white,"WY - WYOMING"
44.29231,-105.49809,0,2008,impala,chevrolet,blue,"WY - WYOMING"
42.6881,-109.5401,8900,2008,"highlander sport awd",toyota,green,"WY - WYOMING"
40.374375,-104.694103,14900,2008,tahoe,chevrolet,white,"WY - WYOMING"
40.374375,-104.694103,22500,2008,"sierra 2500hd",gmc,red,"WY - WYOMING"
40.114685,-104.971971,0,2008,f250,ford,silver,"WY - WYOMING"
42.863569,-109.853239,18995,2008,3500,ram,purple,"WY - WYOMING"
44.354923,-106.680384,13995,2008,f-150,ford,green,"WY - WYOMING"
44.354923,-106.680384,5995,2008,durango,dodge,black,"WY - WYOMING"
44.29231,-105.49809,0,2008,a4,audi,white,"WY - WYOMING"
42.8563,-106.3374,35000,2008,3500,ram,white,"WY - WYOMING"
42.77538,-109.755469,8900,2008,"highlander sport awd",toyota,green,"WY - WYOMING"
40.374375,-104.694103,14900,2008,tahoe,chevrolet,red,"WY - WYOMING"
40.374375,-104.694103,22500,2008,"sierra 2500hd",gmc,red,"WY - WYOMING"
44.226755,-107.891346,3950,2008,"equinox ltx",chevrolet,blue,"WY - WYOMING"
41.13828400000001,-104.784799,10999,2008,armada,nissan,white,"WY - WYOMING"
41.1437,-104.7962,7999,2008,"yukon xl,denali",gmc,white,"WY - WYOMING"
41.13828400000001,-104.784799,10999,2008,ranger,ford,grey,"WY - WYOMING"
42.9208,-108.5913,22475,2008,"megacab 2500",dodge,black,"WY - WYOMING"
42.117911,-88.435753,19900,2008,f450,ford,black,"WY - WYOMING"
40.114685,-104.971971,0,2008,escape,ford,green,"WY - WYOMING"
40.374375,-104.694103,22500,2008,"sierra 2500hd",gmc,blue,"WY - WYOMING"
43.850927,-104.227491,14900,2008,1500,chevrolet,white,"WY - WYOMING"
40.114685,-104.971971,0,2008,m35,infiniti,black,"WY - WYOMING"
44.354923,-106.680384,28995,2008,"silverado 3500hd",chevrolet,red,"WY - WYOMING"
44.29231,-105.49809,0,2008,impala,chevrolet,blue,"WY - WYOMING"
42.117529,-88.436611,14900,2008,"f450 super duty",ford,purple,"WY - WYOMING"
43.4528,-110.7393,4750,2008,"trailblazer lt",chevrolet,silver,"WY - WYOMING"
44.7735,-106.9396,1300,2008,"grand cherokee",jeep,white,"WY - WYOMING"
41.4247,-105.4781,1200,2007,"cobalt ls",chevrolet,blue,"WY - WYOMING"
40.007891,-104.818353,11900,2007,"es 350",lexus,blue,"WY - WYOMING"
48.1783,-111.9397,19999,2007,duramax,chevrolet,black,"WY - WYOMING"
42.8992,-106.1754,8995,2007,navigator,lincoln,white,"WY - WYOMING"
41.096363,-104.8159,9000,2007,"f150 xlt supercrew 4x4",ford,black,"WY - WYOMING"
40.114685,-104.971971,0,2007,"camry new gener",toyota,blue,"WY - WYOMING"
45.7813,-108.5727,16995,2007,"f250 lariat 4x4",ford,red,"WY - WYOMING"
42.83998,-106.36704,6910,2007,camry,toyota,grey,"WY - WYOMING"
45.7813,-108.5727,16995,2007,"f250 lariat 4x4",ford,red,"WY - WYOMING"
41.13828400000001,-104.784799,6999,2007,compass,jeep,silver,"WY - WYOMING"
43.850927,-104.227491,15900,2007,"wrangler unlimited",jeep,red,"WY - WYOMING"
42.83998,-106.36704,4977,2007,accent,hyundai,red,"WY - WYOMING"
43.850927,-104.227491,16900,2007,"2500 slt",dodge,black,"WY - WYOMING"
39.5805,-104.9011,20387,2007,"pickup 2500",ram,red,"WY - WYOMING"
41.191501,-104.756184,6950,2007,"300c hemi",chrysler,red,"WY - WYOMING"
39.7965,-94.8443,39500,2007,f750,ford,blue,"WY - WYOMING"
39.73995,-105.088307,16999,2007,"wrangler unlimited",jeep,black,"WY - WYOMING"
40.114685,-104.971971,0,2007,"camry new gener",toyota,white,"WY - WYOMING"
44.29231,-105.49809,0,2007,q7,audi,black,"WY - WYOMING"
40.5986,-105.0581,5450,2006,outback,subaru,blue,"WY - WYOMING"
40.007891,-104.818353,14900,2006,solstice,pontiac,green,"WY - WYOMING"
40.007891,-104.818353,4900,2006,"new beetle",volkswagen,grey,"WY - WYOMING"
40.007891,-104.818353,6900,2006,4runner,toyota,silver,"WY - WYOMING"
40.007891,-104.818353,19995,2006,wrangler,jeep,orange,"WY - WYOMING"
40.007891,-104.818353,10900,2006,commander,jeep,grey,"WY - WYOMING"
40.007891,-104.818353,9900,2006,"f-250 super duty",ford,white,"WY - WYOMING"
40.007891,-104.818353,8900,2006,mustang,ford,blue,"WY - WYOMING"
40.007891,-104.818353,21995,2006,"sierra 2500hd",gmc,white,"WY - WYOMING"
41.1437,-104.7962,5895,2006,2500,ram,white,"WY - WYOMING"
41.313119,-105.592604,1200,2006,outback,subaru,purple,"WY - WYOMING"
42.8992,-106.1754,6000,2006,"armada le",nissan,red,"WY - WYOMING"
42.8543,-109.8561,12500,2006,"f350 crew cab 4x4",ford,black,"WY - WYOMING"
44.29231,-105.49809,8992,2006,dakota,dodge,red,"WY - WYOMING"
36.1149,-115.2161,27995,2006,"f-250 super duty super duty",ford,blue,"WY - WYOMING"
43.097207,-106.38746,1500,2006,s500,mercedes-benz,purple,"WY - WYOMING"
36.1149,-115.2161,25444,2006,"e-series cargo e 350 sd 3dr",ford,blue,"WY - WYOMING"
40.114685,-104.971971,0,2006,"scion tc",toyota,silver,"WY - WYOMING"
42.985236,-104.3165,350,2006,sonata,hyundai,red,"WY - WYOMING"
41.1437,-104.7962,4900,2006,"highlander limited awd",toyota,silver,"WY - WYOMING"
40.0113,-111.5998,15950,2006,"3500 dually",ram,black,"WY - WYOMING"
36.837679,-119.809638,29999,2006,gto,pontiac,black,"WY - WYOMING"
42.8261,-106.3896,5000,2006,"sienna le",toyota,blue,"WY - WYOMING"
44.282,-105.4974,7000,2006,"f150 xlt triton",ford,silver,"WY - WYOMING"
44.226755,-107.891346,3950,2006,envoy,gmc,white,"WY - WYOMING"
42.7178,-114.5012,24988,2006,"2500 quad cab",ram,blue,"WY - WYOMING"
40.6359,-104.7638,700,2006,s60,volvo,silver,"WY - WYOMING"
44.236929,-106.65646,10000,2006,"baja turbo",subaru,black,"WY - WYOMING"
40.5986,-105.0581,4750,2005,"titan king cab",nissan,silver,"WY - WYOMING"
40.5986,-105.0581,3450,2005,a4,audi,silver,"WY - WYOMING"
40.007891,-104.818353,5900,2005,escape,ford,green,"WY - WYOMING"
43.479936,-110.761864,10000,2005,"tahoe 4x4",chevrolet,blue,"WY - WYOMING"
41.1437,-104.7962,1300,2005,murano,nissan,grey,"WY - WYOMING"
43.0351,-108.2024,19950,2005,"wrangler rubicon unlimited",jeep,black,"WY - WYOMING"
40.114685,-104.971971,0,2005,"corolla matrix",toyota,red,"WY - WYOMING"
43.097207,-106.38746,4500,2005,"terraza cxl",buick,white,"WY - WYOMING"
40.09429,-104.81014,13977,2005,"pickup 3500",ram,blue,"WY - WYOMING"
40.5986,-105.0581,4750,2005,"titan king cab",nissan,silver,"WY - WYOMING"
40.5986,-105.0581,3950,2005,odyssey,honda,custom,"WY - WYOMING"
40.5986,-105.0581,4750,2005,"titan king cab",nissan,silver,"WY - WYOMING"
36.1149,-115.2161,15995,2005,"e-series cargo e 250 3dr ca",ford,blue,"WY - WYOMING"
40.114685,-104.971971,0,2005,prius,toyota,green,"WY - WYOMING"
40.5986,-105.0581,3950,2005,odyssey,honda,custom,"WY - WYOMING"
42.7626,-105.3855,7000,2005,"es 330",lexus,red,"WY - WYOMING"
42.28847800000001,-104.524888,5900,2005,"f150 supercrew 4x4",ford,green,"WY - WYOMING"
40.114685,-104.971971,0,2005,"corolla matrix",toyota,red,"WY - WYOMING"
41.1437,-104.7962,11500,2005,"f250 super duty",ford,custom,"WY - WYOMING"
40.5986,-105.0581,3950,2005,odyssey,honda,custom,"WY - WYOMING"
40.374375,-104.694103,7900,2005,"explorer sport trac",ford,black,"WY - WYOMING"
44.29231,-105.49809,12901,2005,f-350,ford,blue,"WY - WYOMING"
44.29231,-105.49809,12993,2005,excursion,ford,white,"WY - WYOMING"
41.129499,-104.823304,14000,2005,"pickup 2500",ram,red,"WY - WYOMING"
40.5986,-105.0581,3950,2005,odyssey,honda,custom,"WY - WYOMING"
40.5986,-105.0581,4950,2005,"titan king cab",nissan,silver,"WY - WYOMING"
40.114685,-104.971971,0,2005,"corolla matrix",toyota,red,"WY - WYOMING"
41.317658,-105.578091,4000,2005,"outback 2.5i",subaru,silver,"WY - WYOMING"
40.114685,-104.971971,0,2005,prius,toyota,green,"WY - WYOMING"
43.097207,-106.38746,3900,2005,"grand prix",pontiac,silver,"WY - WYOMING"
40.114685,-104.971971,0,2005,"corolla matrix",toyota,red,"WY - WYOMING"
41.13828400000001,-104.784799,8999,2005,sierra,gmc,white,"WY - WYOMING"
43.477313,-110.76725,3420,2005,"civic lx",honda,silver,"WY - WYOMING"
40.5986,-105.0581,4950,2005,"titan king cab",nissan,silver,"WY - WYOMING"
43.109386,-106.34573600000002,2500,2005,impreza,subaru,silver,"WY - WYOMING"
44.236929,-106.65646,4500,2004,"325xi wagon",bmw,purple,"WY - WYOMING"
40.007891,-104.818353,4500,2004,sentra,nissan,black,"WY - WYOMING"
40.007891,-104.818353,8900,2004,celica,toyota,silver,"WY - WYOMING"
40.007891,-104.818353,10900,2004,ranger,ford,red,"WY - WYOMING"
40.007891,-104.818353,11495,2004,"f-450 super duty",ford,red,"WY - WYOMING"
42.83998,-106.36704,5996,2004,mustang,ford,grey,"WY - WYOMING"
41.888456,-107.495083,13500,2004,f-250,ford,grey,"WY - WYOMING"
40.114685,-104.971971,0,2004,prius,toyota,blue,"WY - WYOMING"
44.354923,-106.680384,12995,2004,"silverado 2500hd",chevrolet,white,"WY - WYOMING"
41.129499,-104.823304,20000,2004,"pickup 2500",ram,red,"WY - WYOMING"
40.850883,-111.904399,2550,2004,"sienna le",toyota,green,"WY - WYOMING"
43.850927,-104.227491,5900,2004,"grand cherokee limited",jeep,purple,"WY - WYOMING"
43.097207,-106.38746,6950,2004,"f-250 super duty 4x4",ford,brown,"WY - WYOMING"
42.83998,-106.36704,5996,2004,mustang,ford,grey,"WY - WYOMING"
41.43899999999999,-105.801,2400,2004,"grand cherokee overland",jeep,black,"WY - WYOMING"
44.29231,-105.49809,12931,2004,3500,ram,black,"WY - WYOMING"
42.856638,-105.872086,4500,2003,"yukon xl",gmc,green,"WY - WYOMING"
44.29231,-105.49809,15953,2003,corvette,chevrolet,red,"WY - WYOMING"
40.007891,-104.818353,3995,2003,liberty,jeep,silver,"WY - WYOMING"
41.1437,-104.7962,4995,2003,suburban,chevrolet,custom,"WY - WYOMING"
41.1836,-104.8023,1700,2003,s60,volvo,black,"WY - WYOMING"
40.374375,-104.694103,15500,2003,"super duty f-350 srw",ford,red,"WY - WYOMING"
40.374375,-104.694103,9999,2003,"super duty f-350 drw",ford,blue,"WY - WYOMING"
44.29231,-105.49809,15953,2003,corvette,chevrolet,red,"WY - WYOMING"
42.9208,-108.5913,14975,2003,"f-250 crewcab",ford,black,"WY - WYOMING"
41.1437,-104.7962,3100,2003,accord,honda,blue,"WY - WYOMING"
42.821318,-106.398983,23000,2003,excursion,ford,brown,"WY - WYOMING"
42.83381,-106.331781,2500,2003,"santa fe",hyundai,brown,"WY - WYOMING"
42.7626,-105.3855,18500,2003,"2500 slt",ram,red,"WY - WYOMING"
40.114685,-104.971971,0,2003,vibe,pontiac,silver,"WY - WYOMING"
40.5986,-105.0581,2950,2002,outback,subaru,white,"WY - WYOMING"
42.8261,-106.3896,2900,2002,"civic ex",honda,white,"WY - WYOMING"
40.5986,-105.0581,3250,2002,outback,subaru,white,"WY - WYOMING"
42.117274,-88.437298,9900,2002,"2500 hd",chevrolet,black,"WY - WYOMING"
41.2955,-96.1008,18900,2002,lx470,lexus,grey,"WY - WYOMING"
40.374375,-104.694103,16500,2002,f-350,ford,silver,"WY - WYOMING"
44.226755,-107.891346,2250,2002,intrepid,dodge,red,"WY - WYOMING"
44.226755,-107.891346,1750,2002,intrepid,dodge,red,"WY - WYOMING"
42.826241,-106.389027,5300,2002,suburban,chevrolet,silver,"WY - WYOMING"
41.304312,-105.592861,1500,2002,"santa fe",hyundai,silver,"WY - WYOMING"
40.5986,-105.0581,3700,2001,outback,subaru,white,"WY - WYOMING"
40.5986,-105.0581,3750,2001,outback,subaru,white,"WY - WYOMING"
40.5986,-105.0581,3750,2001,outback,subaru,white,"WY - WYOMING"
40.114685,-104.971971,0,2001,tundra,toyota,green,"WY - WYOMING"
42.9208,-108.5913,13400,2001,2500,dodge,white,"WY - WYOMING"
41.0312,-107.6687,5000,2001,cherokee,jeep,green,"WY - WYOMING"
43.850927,-104.227491,9900,2001,"f250 super duty",ford,silver,"WY - WYOMING"
40.007891,-104.818353,4995,2000,"yukon xl",gmc,white,"WY - WYOMING"
42.8379,-106.2632,2800,2000,durango,dodge,red,"WY - WYOMING"
41.788798,-107.241805,13500,2000,"super duty f-350",ford,black,"WY - WYOMING"
42.8992,-106.1754,16000,2000,"f-550 southwind",ford,blue,"WY - WYOMING"
39.7263,-104.8568,7500,2000,f350,ford,red,"WY - WYOMING"
44.354923,-106.680384,13995,2000,f250,ford,black,"WY - WYOMING"
44.29231,-105.49809,2969,2000,expedition,ford,green,"WY - WYOMING"
44.282,-105.4974,16000,2000,"land cruiser",toyota,white,"WY - WYOMING"
43.097207,-106.38746,1800,2000,caravan,dodge,blue,"WY - WYOMING"
40.374375,-104.694103,8999,2000,silverado,chevrolet,green,"WY - WYOMING"
